Symbol,Name,Last Sale,Net Change,% Change,Market Cap,Country,IPO Year,Volume,Sector,Industry
AAMC,Altisource Asset Management Corp Com,$22.14,0.15,0.682%,36535694.00,United States,,7483,Finance,Real Estate
AAU,Almaden Minerals Ltd. Common Shares,$0.7451,0.0264,3.673%,89820770.00,Canada,2015,3926774,Basic Industries,Precious Metals
ACU,Acme United Corporation. Common Stock,$32.65,0.93,2.932%,109015509.00,United States,1988,7057,Capital Goods,Industrial Machinery/Components
ACY,AeroCentury Corp. Common Stock,$10.51,0.99,10.399%,16247241.00,United States,,124874,Technology,Diversified Commercial Services
AE,Adams Resources & Energy Inc. Common Stock,$26.21,1.33,5.346%,111190264.00,United States,,6451,Energy,Oil Refining/Marketing
AEF,Aberdeen Emerging Markets Equity Income Fund Inc. Common Stock,$8.72,0.10,1.16%,442555504.00,United States,,19842,,
AGE,AgeX Therapeutics Inc. Common Stock,$2.10,0.00,0.00%,79151199.00,,2018,218749,Health Care,Major Pharmaceuticals
AIM,AIM ImmunoTech Inc. Common Stock,$2.45,-0.30,-10.909%,97240529.00,United States,,15148127,Health Care,Biotechnology: Biological Products (No Diagnostic Substances)
AINC,Ashford Inc. (Holding Company) Common Stock,$7.94,0.00,0.00%,20278141.00,United States,2014,10678,Consumer Services,Professional Services
AIRI,Air Industries Group Common Stock,$1.74,0.01,0.578%,55209774.00,United States,,685833,Capital Goods,Military/Government/Technical
AMBO,Ambow Education Holding Ltd. American Depository Shares each representing two Class A ordinary shares,$3.03,-0.62,-16.986%,70342468.00,China,,14861606,Consumer Services,Other Consumer Services
AMPE,Ampio Pharmaceuticals Inc.,$1.96,0.01,0.513%,362707800.00,United States,,4114994,Health Care,Major Pharmaceuticals
AMS,American Shared Hospital Services Common Stock,$2.92,0.09,3.18%,16822120.00,United States,,346588,Health Care,Medical Specialities
ANVS,Annovis Bio Inc. Common Stock,$16.96,-2.60,-13.292%,116881672.00,United States,2020,800843,Health Care,Major Pharmaceuticals
APT,Alpha Pro Tech Ltd. Common Stock,$16.49,0.02,0.121%,223898664.00,Canada,,921738,Health Care,Industrial Specialties
ARMP,Armata Pharmaceuticals Inc. Common Stock,$5.59,-0.17,-2.951%,104543526.00,United States,,18576,Health Care,Biotechnology: Biological Products (No Diagnostic Substances)
ASM,Avino Silver & Gold Mines Ltd. Common Shares (Canada),$1.35,-0.06,-4.255%,120917721.00,Canada,,5246463,Basic Industries,Precious Metals
ATNM,Actinium Pharmaceuticals Inc. (Delaware) Common Stock,$9.59,0.10,1.054%,130294775.00,United States,,358265,Health Care,Major Pharmaceuticals
AUMN,Golden Minerals Company Common Stock,$0.874,0.054,6.585%,132422058.00,United States,,2688130,Basic Industries,Precious Metals
AWX,Avalon Holdings Corporation Common Stock,$3.48,-0.03,-0.855%,13486500.00,United States,,55036,Public Utilities,Environmental Services
AXU,Alexco Resource Corp Common Shares (Canada),$2.90,0.08,2.837%,405315432.00,Canada,,1430105,Basic Industries,Precious Metals
BATL,Battalion Oil Corporation Common Stock,$8.22,0.32,4.051%,133196609.00,,,1858,Energy,Oil & Gas Production
BCV,Bancroft Fund Ltd.,$34.63,1.20,3.59%,184404438.00,United States,,39288,,
BCV^A,Bancroft Fund Limited 5.375% Series A Cumulative Preferred Shares,$25.80,-0.05,-0.193%,,United States,,100,,
BDL,Flanigan's Enterprises Inc. Common Stock,$24.354,0.00,0.00%,45265489.00,United States,,71,Consumer Services,Restaurants
BDR,Blonder Tongue Laboratories Inc. Common Stock,$1.70,-0.02,-1.163%,19676504.00,United States,,2176319,Technology,Radio And Television Broadcasting And Communications Equipment
BGI,Birks Group Inc. Common Stock,$1.86,0.41,28.276%,33425839.00,Canada,,1573110,Consumer Services,Consumer Specialties
BHB,Bar Harbor Bankshares Inc. Common Stock,$23.49,-0.20,-0.844%,350671992.00,United States,,14934,Finance,Major Banks
BIOX,Bioceres Crop Solutions Corp. Ordinary Shares,$8.82,0.12,1.379%,355673794.00,,2018,39499,Basic Industries,Agricultural Chemicals
BKTI,BK Technologies Corporation Common Stock,$3.45,0.05,1.471%,43166283.00,United States,,10573,Technology,Radio And Television Broadcasting And Communications Equipment
BMTX,BM Technologies Inc. Common Stock,$14.01,-0.42,-2.911%,170926231.00,,2018,114539,Finance,Major Banks
BRBS,Blue Ridge Bankshares Inc. Common Stock,$19.35,0.12,0.624%,110655316.00,,,9691,Finance,Major Banks
BRG,Bluerock Residential Growth REIT Inc. Class A Common Stock,$11.27,0.03,0.267%,268763387.00,,2014,352979,Consumer Services,Real Estate Investment Trusts
BRG^A,Bluerock Residential Growth REIT Inc. 8.250% Series A Cumulative Redeemable Preferred Stock ($0.01 par value per share),$25.28,-0.01,-0.04%,,,,5239,,
BRG^C,Bluerock Residential Growth REIT Inc. 7.625% Series C Cumulative Redeemable Preferred Stock,$25.60,0.09,0.353%,,,,601,,
BRG^D,Bluerock Residential Growth REIT Inc. 7.125% Series D Cumulative Preferred Stock ($0.01 par value per share),$25.90,0.05,0.193%,,,,1769,,
BRN,Barnwell Industries Inc. Common Stock,$3.25,0.48,17.329%,26900770.00,United States,,1475747,Energy,Oil & Gas Production
BTG,B2Gold Corp Common shares (Canada),$5.04,0.06,1.205%,5294984577.00,Canada,,6250624,Basic Industries,Precious Metals
BTN,Ballantyne Strong Inc. Common Stock,$2.445,0.055,2.301%,36162464.00,United States,,559929,Miscellaneous,Industrial Machinery/Components
BWL/A,Bowl America Inc.,$10.24,0.04,0.392%,,United States,,7500,,
CANF,Can-Fite Biopharma Ltd Sponsored ADR (Israel),$2.09,0.03,1.456%,32215222.00,Israel,,588306,Health Care,Major Pharmaceuticals
CCF,Chase Corporation Common Stock,$108.42,2.27,2.138%,1024177712.00,United States,,16682,Consumer Durables,Building Products
CDOR,Condor Hospitality Trust Inc. Common Stock,$5.205,-0.045,-0.857%,62538674.00,United States,,32124,Consumer Services,Real Estate Investment Trusts
CEI,Camber Energy Inc. Common Stock,$1.48,0.04,2.778%,37000000.00,United States,,7636770,Energy,Oil & Gas Production
CET,Central Securities Corporation Common Stock,$34.50,0.05,0.145%,889655295.00,United States,,12616,,
CEV,Eaton Vance California Municipal Income Trust Shares of Beneficial Interest,$13.70,0.05,0.366%,97729978.00,United States,1999,25315,,
CHAQ,Chardan Healthcare Acquisition 2 Corp. Common Stock,$10.65,0.10,0.948%,114788948.00,,2020,13757,Finance,Business Services
CHFW,Consonance-HFW Acquisition Corp. Class A Ordinary Shares,$10.32,-0.06,-0.578%,123158880.00,,2021,32603,,
CIK,Credit Suisse Asset Management Income Fund Inc. Common Stock,$3.26,0.00,0.00%,170514069.00,United States,,953522,,
CIX,CompX International Inc. Common Stock,$14.32,0.27,1.922%,178300568.00,United States,1998,1295,Capital Goods,Industrial Machinery/Components
CKX,CKX Lands Inc. Common Stock,$10.9401,0.0428,0.393%,21251090.00,United States,,520,Energy,Oil & Gas Production
CLM,Cornerstone Strategic Value Fund Inc. New Common Stock,$12.53,0.15,1.212%,953796418.00,United States,1987,1297342,,
CMCL,Caledonia Mining Corporation Plc Common Shares,$15.05,-0.43,-2.778%,182388286.00,Canada,,41427,Basic Industries,Precious Metals
CMT,Core Molding Technologies Inc Common Stock,$12.88,0.03,0.233%,102677724.00,United States,,21980,Consumer Non-Durables,Plastic Products
COHN,Cohen & Company Inc.,$19.115,0.375,2.001%,25505469.00,United States,,7426,Finance,Investment Bankers/Brokers/Service
CPHI,China Pharma Holdings Inc. Common Stock,$0.8188,-0.0312,-3.671%,37320541.00,China,,2208030,Health Care,Major Pharmaceuticals
CQP,Cheniere Energy Partners LP Cheniere Energy Partners LP Common Units,$38.58,-0.92,-2.329%,18673477055.00,United States,2007,107123,Public Utilities,Oil/Gas Transmission
CRF,Cornerstone Total Return Fund Inc. (The) Common Stock,$12.22,-0.07,-0.57%,491688075.00,United States,,790053,,
CRHM,CRH Medical Corporation Common Shares of Beneficial Interest,$2.18,-0.04,-1.802%,155680523.00,,2015,69014,Health Care,Medical/Nursing Services
CTEK,CynergisTek Inc. Common Stock,$2.54,0.3253,14.688%,27056204.00,United States,2017,530629,Miscellaneous,Business Services
CVM,Cel-Sci Corporation Common Stock,$23.59,2.62,12.494%,938112990.00,United States,,1379758,Health Care,Biotechnology: Biological Products (No Diagnostic Substances)
CVR,Chicago Rivet & Machine Co. Common Stock,$26.00,0.30,1.167%,25119432.00,United States,,793,Technology,Industrial Machinery/Components
CVU,CPI Aerostructures Inc. Common Stock,$4.89,0.12,2.516%,58441715.00,United States,,167081,Capital Goods,Military/Government/Technical
DHY,Credit Suisse High Yield Bond Fund Common Stock,$2.32,0.00,0.00%,240137173.00,United States,1998,4968664,,
DIT,AMCON Distributing Company Common Stock,$109.01,-0.99,-0.90%,60104735.00,United States,,543,Consumer Non-Durables,Food Distributors
DLA,Delta Apparel Inc. Common Stock,$22.88,0.36,1.599%,159580221.00,United States,,23771,Consumer Non-Durables,Apparel
DMF,BNY Mellon Municipal Income Inc. Common Stock,$8.96,0.08,0.901%,185927150.00,United States,1988,11459,,
DNN,Denison Mines Corp Ordinary Shares (Canada),$0.777,0.027,3.60%,527388609.00,Canada,,4123107,Basic Industries,Precious Metals
DPW,Ault Global Holdings Inc. Common Stock,$4.55,-0.22,-4.612%,126278707.00,United States,,4958234,Capital Goods,Industrial Machinery/Components
DSS,Document Security Systems Inc. Common Stock,$3.41,-0.92,-21.247%,46044814.00,United States,,29250361,Consumer Durables,Containers/Packaging
DXF,Dunxin Financial Holdings Limited American Depositary Shares,$1.61,0.13,8.784%,33608539.00,China,,1734858,Finance,Finance: Consumer Services
DXR,Daxor Corporation Common Stock,$13.80,0.10,0.73%,55389198.00,United States,,214960,Health Care,Medical/Dental Instruments
EAD,Wells Fargo Income Opportunities Fund Common Shares,$8.24,0.00,0.00%,499230403.00,United States,2003,145657,,
ECF,Ellsworth Growth and Income Fund Ltd.,$16.19,0.73,4.722%,213789873.00,United States,1986,132708,,
ECF^A,Ellsworth Growth and Income Fund Ltd. 5.25% Series A Cumulative Preferred Shares (Liquidation Preference $25.00 per share),$26.32,0.00,0.00%,,United States,,50,,
EIM,Eaton Vance Municipal Bond Fund Common Shares of Beneficial Interest $.01 par value,$13.50,0.06,0.446%,971367984.00,United States,2002,156411,,
ELA,Envela Corporation Common Stock,$6.44,0.27,4.376%,173393014.00,United States,,62564,Consumer Services,Consumer Specialties
ELLO,Ellomay Capital Ltd Ordinary Shares (Israel),$33.50,0.00,0.00%,423845149.00,Israel,,109,Public Utilities,Electric Utilities: Central
ELMD,Electromed Inc. Common Stock,$10.76,0.52,5.078%,92602497.00,United States,2011,85852,Health Care,Biotechnology: Electromedical & Electrotherapeutic Apparatus
EMAN,eMagin Corporation Common Stock,$2.97,0.07,2.414%,200473818.00,United States,,1986478,Technology,Semiconductors
EMX,EMX Royalty Corporation Common Shares (Canada),$3.67,0.16,4.558%,309518478.00,Canada,,265333,Basic Industries,Precious Metals
ENSV,Enservco Corporation Common Stock,$2.40,0.12,5.263%,12342017.00,United States,,1513600,Energy,Oilfield Services/Equipment
ENX,Eaton Vance New York Municipal Bond Fund Common Shares of Beneficial Interest $.01 par value,$12.37,0.07,0.569%,224123297.00,United States,2002,48002,,
EPM,Evolution Petroleum Corporation Inc. Common Stock,$3.36,-0.14,-4.00%,110724892.00,United States,,243760,Energy,Oil & Gas Production
EQX,Equinox Gold Corp. Common Shares,$9.96,0.34,3.534%,2409026933.00,Canada,,1098021,Basic Industries,Precious Metals
ERC,Wells Fargo Multi-Sector Income Fund Common Stock no par value,$12.41,0.02,0.161%,349119212.00,United States,2003,72538,,
ERH,Wells Fargo Utilities and High Income Fund,$12.90,-0.0101,-0.078%,119648339.00,,2004,30720,,
ESP,Espey Mfg. & Electronics Corp. Common Stock,$19.3336,-0.0054,-0.028%,52251625.00,United States,,17841,Capital Goods,Industrial Machinery/Components
EVBN,Evans Bancorp Inc. Common Stock,$31.26,0.93,3.066%,168308185.00,United States,,9688,Finance,Major Banks
EVI,EVI Industries Inc.  Common Stock,$40.63,1.87,4.825%,536674804.00,United States,,32495,Consumer Services,Other Consumer Services
EVM,Eaton Vance California Municipal Bond Fund Common Shares of Beneficial Interest $.01 par value,$11.61,0.06,0.519%,290184276.00,United States,2002,33719,,
EVV,Eaton Vance Limited Duration Income Fund Common Shares of Beneficial Interest,$12.66,0.03,0.238%,1470421248.00,United States,2003,373128,,
EVY,Eaton Vance New York Municipal Income Trust Shares of Beneficial Interest,$14.12,0.04,0.284%,76273811.00,United States,1999,7107,,
EXN,Excellon Resources Inc. Common Shares,$3.09,0.06,1.98%,99093210.00,,2020,52318,Basic Industries,Precious Metals
FAX,Aberdeen Asia-Pacific Income Fund Inc Common Stock,$4.49,0.01,0.223%,1112154003.00,United States,1986,1042106,,
FCO,Aberdeen Global Income Fund Inc. Common Stock,$8.01,0.01,0.125%,69934877.00,United States,1992,20123,,
FEN,First Trust Energy Income and Growth Fund,$11.93,0.09,0.76%,238848562.00,United States,2004,73024,,
FRD,Friedman Industries Inc. Common Stock,$7.24,-0.04,-0.549%,50998082.00,United States,,27269,Capital Goods,Steel/Iron Ore
FSI,Flexible Solutions International Inc. Common Stock (CDA),$3.66,0.03,0.826%,44800395.00,Canada,,35751,Basic Industries,Major Chemicals
FSP,Franklin Street Properties Corp. Common Stock,$4.26,0.08,1.914%,457218128.00,United States,,345141,Consumer Services,Real Estate Investment Trusts
FTF,Franklin Limited Duration Income Trust Common Shares of Beneficial Interest,$9.42,0.01,0.106%,283907826.00,United States,2003,100441,,
FTSI,FTS International Inc. Class A Common Stock,$18.02,-0.17,-0.935%,252278667.00,United States,2020,65289,Energy,Oilfield Services/Equipment
FURY,Fury Gold Mines Limited Common Shares,$1.64,0.07,4.459%,193231125.00,,2020,367144,Basic Industries,Precious Metals
GAU,Galiano Gold Inc.,$1.26,0.04,3.279%,282527938.00,Canada,,1117568,Basic Industries,Mining & Quarrying of Nonmetallic Minerals (No Fuels)
GBR,New Concept Energy Inc Common Stock,$6.82,-0.06,-0.872%,34999797.00,United States,,749072,Energy,Oil & Gas Production
GDP,Goodrich Petroleum Corporation Common Stock,$10.66,0.52,5.128%,134910668.00,United States,2017,52098,Energy,Oil & Gas Production
GGN,GAMCO Global Gold Natural Resources & Income Trust,$3.53,0.06,1.729%,582137528.00,United States,2005,761908,,
GGN^B,GAMCO Global Gold Natural Reources & Income Trust 5.00% Series B Cumulative 25.00 Liquidation Preference,$25.58,-0.02,-0.078%,,United States,,111,,
GGO^A,The Gabelli Go Anywhere Trust Series A Cumulative Puttable and Callable Preferred Shares,$40.9001,0.1001,0.245%,,,,200,,
GLDG,GoldMining Inc. Common Shares,$1.85,0.05,2.778%,273114009.00,,,457062,Basic Industries,Precious Metals
GLO,Clough Global Opportunities Fund Common Stock,$12.39,-0.01,-0.081%,399260465.00,United States,2006,218017,,
GLQ,Clough Global Equity Fund Clough Global Equity Fund Common Shares of Beneficial Interest,$15.28,0.07,0.46%,202167067.00,United States,2005,103115,,
GLU,Gabelli Global Utility Common Shares of Beneficial Ownership,$18.95,0.0799,0.423%,101829303.00,United States,2004,14721,,
GLU^A,The Gabelli Global Utility and Income Trust Series A Cumulative Puttable and Callable Preferred Shares,$46.52,0.00,0.00%,,United States,,10,,
GLU^B,The Gabelli Global Utility and Income Trust Series B Cumulative Puttable and Callable Preferred Shares,$52.28,0.201,0.386%,,United States,,500,,
GLV,Clough Global Dividend and Income Fund Common Shares of beneficial interest,$11.11,0.18,1.647%,93409814.00,United States,2004,103912,,
GOED,1847 Goedeker Inc. Commom Stock,$14.58,2.18,17.581%,89101296.00,United States,2020,194980,Consumer Services,Home Furnishings
GORO,Gold Resource Corporation Common Stock,$3.03,0.08,2.712%,217753059.00,United States,,1440542,Basic Industries,Precious Metals
GPL,Great Panther Mining Limited Ordinary Shares (Canada),$0.84,0.013,1.572%,297971367.00,Canada,,2094736,Basic Industries,Precious Metals
GRF,Eagle Capital Growth Fund Inc. Common Stock,$7.8601,0.05,0.64%,32024570.00,United States,,660,,
GSAT,Globalstar Inc. Common Stock,$1.17,0.07,6.364%,1954374172.00,United States,2006,26584278,Consumer Services,Telecommunications Equipment
GSS,Golden Star Resources Ltd Common Stock,$3.84,0.10,2.674%,427241629.00,United States,,359766,Basic Industries,Precious Metals
GSV,Gold Standard Ventures Corporation Common Stock (Canada),$0.7193,0.0243,3.496%,226697177.00,Canada,,2795608,Basic Industries,Mining & Quarrying of Nonmetallic Minerals (No Fuels)
GTE,Gran Tierra Energy Inc. Common Stock,$0.65,0.0193,3.06%,238538011.00,Canada,,22376119,Energy,Oil & Gas Production
HLM^,Hillman Group Capital Trust Preferred Stock,$25.50,0.05,0.196%,,United States,,11042,,
HMG,HMG/Courtland Properties Inc. Common Stock,$12.05,-0.20,-1.633%,12137338.00,United States,,253,Consumer Services,Real Estate Investment Trusts
HNW,Pioneer Diversified High Income Trust Pioneer Diversified High Income Trust Common Shares of Beneficial Interest,$14.77,0.07,0.476%,123075308.00,United States,2007,37394,,
HUSA,Houston American Energy Corporation Common Stock,$2.33,-0.06,-2.51%,16258083.00,United States,,2394503,Energy,Oil & Gas Production
HWM^,Howmet Aerospace Inc. $3.75 Preferred Stock,$77.5421,1.9378,2.563%,,United States,,131,,
IAF,Aberdeen Australia Equity Fund Inc Common Stock,$5.41,0.04,0.745%,125114370.00,United States,,48190,,
IBIO,iBio Inc. Common Stock,$2.17,-0.22,-9.205%,468741550.00,United States,,19684602,Health Care,Major Pharmaceuticals
ID,PARTS iD Inc. Class A Common Stock,$7.93,0.02,0.253%,260686522.00,United States,2017,25713,Technology,Advertising
IGC,India Globalization Capital Inc. Common Stock,$1.95,-0.07,-3.465%,83429512.00,United States,,4409440,Technology,Electronic Components
IHT,InnSuites Hospitality Trust Shares of Beneficial Interest,$3.08,0.03,0.984%,28564613.00,United States,,13237,Consumer Services,Real Estate Investment Trusts
IMH,Impac Mortgage Holdings Inc. Common Stock ,$3.58,-0.07,-1.918%,76002888.00,United States,1997,75052,Consumer Services,Real Estate Investment Trusts
IMO,Imperial Oil Limited Common Stock,$20.23,-0.02,-0.099%,14850372754.00,Canada,,366072,Energy,Integrated oil Companies
INDO,Indonesia Energy Corporation Limited Ordinary Shares,$6.58,0.12,1.858%,48744344.00,,2019,150670,Energy,Oil & Gas Production
INFU,InfuSystems Holdings Inc. Common Stock,$18.60,0.10,0.541%,376406935.00,United States,,80282,Health Care,Medical/Dental Instruments
INS,Intelligent Systems Corporation Common Stock,$49.00,5.00,11.364%,437539032.00,United States,1992,164066,Technology,Computer Software: Prepackaged Software
INTT,inTest Corporation Common Stock,$8.01,0.12,1.521%,84338275.00,United States,1997,90232,Capital Goods,Electrical Products
INUV,Inuvo Inc.,$1.45,0.09,6.618%,169872922.00,United States,,7457033,Consumer Services,Advertising
IOR,Income Opportunity Realty Investors Inc. Common Stock,$11.4171,0.00,0.00%,47588916.00,United States,,48,Consumer Services,Real Estate Investment Trusts
ISDR,Issuer Direct Corporation Common Stock,$21.16,0.41,1.976%,79175472.00,United States,,11918,Miscellaneous,Publishing
ISR,IsoRay Inc. Common Stock (DE),$1.61,0.06,3.871%,140433979.00,United States,,16161610,Health Care,Medical/Dental Instruments
ITP,IT Tech Packaging Inc. Common Stock,$0.8405,0.0051,0.61%,45990171.00,China,,7566313,Consumer Durables,Containers/Packaging
ITRG,Integra Resources Corp. Common Shares,$3.32,0.00,0.00%,181299148.00,,,53906,Basic Industries,Precious Metals
JOB,GEE Group Inc. Common Stock,$1.45,0.06,4.317%,25617328.00,United States,,1121691,Technology,Diversified Commercial Services
KIQ,Kelso Technologies Inc Ordinary Shares,$0.85,-0.0106,-1.232%,40094573.00,Canada,,3845583,Capital Goods,Railroads
KLR,Kaleyra Inc. Common Stock,$14.89,0.21,1.431%,436657901.00,United States,2018,268084,Technology,EDP Services
LCTX,Lineage Cell Therapeutics Inc. Common Stock,$2.54,0.07,2.834%,380952621.00,United States,,1020131,Health Care,Biotechnology: Biological Products (No Diagnostic Substances)
LEU,Centrus Energy Corp. Class A Common Stock,$26.07,-0.43,-1.623%,313879906.00,United States,2014,114905,Basic Industries,Mining & Quarrying of Nonmetallic Minerals (No Fuels)
LGL,LGL Group Inc. (The) Common Stock,$10.33,-0.04,-0.386%,54329044.00,United States,,13167,Capital Goods,Industrial Machinery/Components
LNG,Cheniere Energy Inc. Common Stock,$66.39,1.49,2.296%,16748471856.00,United States,,1010393,Public Utilities,Oil/Gas Transmission
LODE,Comstock Mining Inc. Common Stock,$1.75,-0.02,-1.13%,61216341.00,United States,,2521612,Basic Industries,Precious Metals
LOV,Spark Networks Inc. American Depositary Shares (each representing one-tenth of an Ordinary Share),$6.78,0.51,8.134%,176665646.00,United States,2017,284853,Consumer Services,Other Consumer Services
LSF,Laird Superfood Inc. Common Stock,$52.88,6.85,14.882%,469304183.00,,2020,227666,Consumer Non-Durables,Packaged Foods
LXFR,Luxfer Holdings PLC Ordinary Shares,$18.84,1.59,9.217%,520400345.00,United Kingdom,2012,228266,Basic Industries,Major Chemicals
MAG,MAG Silver Corporation Ordinary Shares,$18.19,0.18,0.999%,1723380300.00,Canada,,973477,Basic Industries,Precious Metals
MCF,Contango Oil & Gas Company Common Stock (TX),$3.07,0.14,4.778%,533221006.00,United States,,771475,Energy,Oil & Gas Production
MHH,Mastech Digital Inc Common Stock,$18.11,0.66,3.782%,206087254.00,United States,,35567,Consumer Services,Professional Services
MLSS,Milestone Scientific Inc. Common Stock,$3.27,-0.02,-0.608%,208277644.00,United States,2015,627894,Health Care,Industrial Specialties
MMX,Maverix Metals Inc. Common Shares,$5.36,-0.06,-1.107%,753017336.00,,,174921,Basic Industries,Precious Metals
MSN,Emerson Radio Corporation Common Stock,$1.635,-0.015,-0.909%,34404736.00,United States,,441249,Consumer Non-Durables,Consumer Electronics/Appliances
MTA,Metalla Royalty & Streaming Ltd. Common Shares,$10.25,0.00,0.00%,406065189.00,,,382239,Basic Industries,Precious Metals
MTNB,Matinas Biopharma Holdings Inc. Common Stock,$1.21,-0.02,-1.626%,241566527.00,United States,2017,6350202,Health Care,Major Pharmaceuticals
MXC,Mexco Energy Corporation Common Stock,$8.60,0.11,1.296%,17646048.00,United States,,194197,Energy,Oil & Gas Production
MYO,Myomo Inc. Common Stock,$11.77,-0.33,-2.727%,53927645.00,United States,2017,177795,Health Care,Industrial Specialties
NAK,Northern Dynasty Minerals Ltd. Common Stock,$0.64,0.0276,4.507%,325789844.00,Canada,,39316114,Basic Industries,Precious Metals
NAVB,Navidea Biopharmaceuticals Inc. Common Stock,$2.66,-0.23,-7.958%,70987947.00,United States,,442894,Health Care,Biotechnology: In Vitro & In Vivo Diagnostic Substances
NBA,New Beginnings Acquisition Corp. Common Stock,$10.49,-0.07,-0.663%,156510800.00,,2020,5818,Finance,Business Services
NBH,Neuberger Berman Municipal Fund Inc. Common Stock,$15.83,0.35,2.261%,297890460.00,United States,2002,43444,,
NBO,Neuberger Berman New York Municipal Fund Inc. Common Stock,$12.48,0.05,0.402%,63366164.00,United States,2002,15212,,
NBW,Neuberger Berman California Municipal Fund Inc Common Stock,$13.71,0.11,0.809%,76104813.00,United States,2002,22140,,
NBY,NovaBay Pharmaceuticals Inc. Common Stock,$1.00,-0.01,-0.99%,41782584.00,United States,2007,3375399,Health Care,Major Pharmaceuticals
NEN,New England Realty Associates Limited Partnership Class A Depositary Receipts Evidencing Units of Limited Partnership,$51.00,0.01,0.02%,186287496.00,United States,,980,Consumer Services,Building operators
NES,Nuverra Environmental Solutions Inc. Common Stock,$3.03,0.09,3.061%,47790433.00,United States,2017,63699,Energy,Oilfield Services/Equipment
NG,Novagold Resources Inc.,$9.17,0.00,0.00%,3038210085.00,Canada,,785626,Basic Industries,Precious Metals
NGD,New Gold Inc.,$1.84,0.12,6.977%,1244576000.00,Canada,,10960550,Basic Industries,Precious Metals
NHC,National HealthCare Corporation Common Stock,$63.72,-0.39,-0.608%,978706575.00,United States,,32155,Health Care,Hospital/Nursing Management
NHS,Neuberger Berman High Yield Strategies Fund,$12.11,0.07,0.581%,236636484.00,United States,,44139,,
NML,Neuberger Berman MLP and Energy Income Fund Inc. Common Stock,$3.89,0.02,0.517%,220403230.00,,2013,329616,,
NNVC,NanoViricides Inc. Common Stock,$4.71,0.26,5.843%,50232150.00,United States,,317637,Health Care,Major Pharmaceuticals
NOG,Northern Oil and Gas Inc. Common Stock,$11.00,0.55,5.263%,504364586.00,United States,,7311617,,
NRO,Neuberger Berman Real Estate Securities Income Fund Inc. Neuberger Berman Real Estate Securities Income Fund Inc.,$4.28,0.03,0.706%,202959316.00,United States,2003,189863,,
NSPR,InspireMD Inc. Common Stock,$0.82,0.1475,21.933%,30302899.00,Israel,,88342235,Health Care,Medical/Dental Instruments
NTIP,Network-1 Technologies Inc. Common Stock,$3.442,-0.048,-1.375%,82721848.00,United States,,7734,Miscellaneous,Multi-Sector Companies
NTN,NTN Buzztime Inc. Common Stock,$4.32,-0.46,-9.623%,12814511.00,United States,,832029,Health Care,Major Pharmaceuticals
NXE,Nexgen Energy Ltd. Common Shares,$3.69,0.49,15.313%,1393750155.00,,,3255825,Basic Industries,Precious Metals
OBLG,Oblong Inc. Common Stock,$4.92,-0.06,-1.205%,38123255.00,United States,,447576,Technology,Computer Software: Programming Data Processing
OCX,OncoCyte Corporation Common Stock,$6.00,0.69,12.994%,471970860.00,United States,2015,5346412,Health Care,Biotechnology: In Vitro & In Vivo Diagnostic Substances
OGEN,Oragenics Inc. Common Stock,$1.05,0.04,3.96%,96355274.00,United States,,18320858,Health Care,Major Pharmaceuticals
ORLA,Orla Mining Ltd. Common Shares,$4.34,0.16,3.828%,993712440.00,,2020,300513,Basic Industries,Precious Metals
PCG^A,Pacific Gas & Electric Co. 6% Preferred Stock,$29.24,-0.11,-0.375%,,United States,,3162,,
PCG^B,Pacific Gas & Electric Co. 5 1/2% Preferred Stock,$27.21,0.00,0.00%,,United States,,145,,
PCG^C,Pacific Gas & Electric Co. 5% 1st Preferred Stock,$25.4748,0.00,0.00%,,United States,,82,,
PCG^D,Pacific Gas & Electric Co. 5% 1st  Red. Preferred Stock,$25.02,-0.2082,-0.825%,,United States,,226,,
PCG^E,Pacific Gas & Electric Co. 5% 1st A Preferred Stock,$25.13,0.00,0.00%,,United States,,1,,
PCG^H,Pacific Gas & Electric Co. 4.50% 1st Preferred Stock,$24.22,0.00,0.00%,,United States,,99,,
PCG^I,Pacific Gas & Electric Co. 4.36% 1st Preferred Stock,$22.99,-0.75,-3.159%,,United States,,426,,
PED,Pedevco Corp. Common Stock,$1.58,-0.03,-1.863%,114492077.00,United States,,3537504,Energy,Oil & Gas Production
PHGE,BiomX Inc. COmmon Stock,$6.88,0.11,1.625%,159939718.00,,2019,35130,Health Care,Biotechnology: Biological Products (No Diagnostic Substances)
PLAG,Planet Green Holdings Corp. Common Stock,$2.64,0.05,1.931%,42049300.00,China,,139858,Consumer Non-Durables,Packaged Foods
PLG,Platinum Group Metals Ltd. Ordinary Shares (Canada),$4.43,-0.02,-0.449%,319889308.00,Canada,,915491,Basic Industries,Precious Metals
PLM,Polymet Mining Corporation Ordinary Shares (Canada),$4.01,-0.08,-1.956%,403805861.00,Canada,,2280851,Basic Industries,Precious Metals
PLX,Protalix BioTherapeutics Inc. (DE) Common Stock,$4.91,0.31,6.739%,163683241.00,Israel,,522098,Health Care,Biotechnology: Biological Products (No Diagnostic Substances)
PLYM^A,Plymouth Industrial REIT Inc. 7.50% Series A Cumulative Redeemable Preferred Stock,$26.3969,-0.0486,-0.184%,,United States,,1243,,
PRK,Park National Corporation Common Stock,$113.61,0.10,0.088%,2002167548.00,United States,,25650,Finance,Major Banks
PTK,PTK Acquisition Corp. Common Stock,$10.315,-0.045,-0.434%,148278125.00,United States,2020,13455,Finance,Business Services
PTN,Palatin Technologies Inc. Common Stock,$0.98,-0.03,-2.97%,225303281.00,United States,,6682274,Health Care,Major Pharmaceuticals
PW,Power REIT (MD) Common Stock,$34.44,-0.63,-1.796%,65991827.00,United States,,37772,Consumer Services,Real Estate Investment Trusts
PW^A,Power REIT 7.75% Series A Cumulative Perpetual Preferred Stock,$26.05,0.00,0.00%,,United States,,63,,
PZG,Paramount Gold Nevada Corp. Common Stock,$1.17,0.02,1.739%,40116596.00,United States,2015,305167,Basic Industries,Precious Metals
RCG,RENN Fund Inc Common Stock,$2.06,0.02,0.98%,12261029.00,United States,,33082,,
REI,Ring Energy Inc. Common Stock,$1.63,0.26,18.978%,133119818.00,United States,,12295674,Energy,Oil & Gas Production
RHE,Regional Health Properties Inc. Common Stock,$7.21,1.16,19.174%,12172059.00,,2017,1311281,Consumer Services,Real Estate
RHE^A,Regional Health Properties Inc. 10.875% Series A Cumulative Redeemable Preferred Stock,$2.98,0.0301,1.02%,,,,3066,,
RLGT,Radiant Logistics Inc. Common Stock,$6.43,0.01,0.156%,319442831.00,United States,,225348,Transportation,Oil Refining/Marketing
RMED,Ra Medical Systems Inc. Common Stock,$7.61,-0.40,-4.994%,24531383.00,,2018,272517,Health Care,Medical/Dental Instruments
RVP,Retractable Technologies Inc. Common Stock,$18.99,1.17,6.566%,642177310.00,United States,,1488062,Health Care,Medical/Dental Instruments
SACC,Sachem Capital Corp. 6.875% Notes due 2024,$25.38,0.46,1.846%,0.00,United States,2019,6172,Consumer Services,Real Estate Investment Trusts
SACH,Sachem Capital Corp. Common Shares,$4.47,-0.01,-0.223%,98897860.00,United States,2017,159426,Consumer Services,Real Estate Investment Trusts
SCCB,Sachem Capital Corp. 7.125% Notes due 2024,$26.18,0.44,1.709%,0.00,United States,2019,5403,Consumer Services,Real Estate Investment Trusts
SCCC,Sachem Capital Corp. 7.75% Notes due 2025,$25.3497,0.0397,0.157%,0.00,United States,2020,56409,Consumer Services,Real Estate Investment Trusts
SDPI,Superior Drilling Products Inc. Common Stock,$0.91,-0.0062,-0.677%,23311912.00,,2014,1165984,Energy,Metal Fabrications
SEB,Seaboard Corporation Common Stock,$3210.00,53.37,1.691%,3726100590.00,United States,1996,743,Consumer Services,Farming/Seeds/Milling
SENS,Senseonics Holdings Inc. Common Stock,$3.03,0.36,13.483%,1022972429.00,United States,,93265780,Capital Goods,Industrial Machinery/Components
SIF,SIFCO Industries Inc. Common Stock,$9.38,-0.52,-5.253%,55493234.00,United States,,29551,Capital Goods,Aerospace
SILV,SilverCrest Metals Inc. Common Shares,$10.26,0.33,3.323%,1325947314.00,,2018,1314434,Basic Industries,Precious Metals
SIM,Grupo Simec S.A.B. de C.V. American Depositary Shares,$12.27,0.00,0.00%,1894997659.00,Mexico,1993,262,Basic Industries,Steel/Iron Ore
SMTS,Sierra Metals Inc. Common Stock,$3.40,0.12,3.659%,553520000.00,,,355956,Basic Industries,Precious Metals
SNMP,Sanchez Midstream Partners LP Common Stock,$1.17,0.07,6.364%,23346040.00,United States,,1226490,Energy,Oil & Gas Production
SSY,SunLink Health Systems Inc. Common Stock,$1.7766,0.0266,1.52%,12257334.00,United States,,408315,Health Care,Hospital/Nursing Management
STXS,Stereotaxis Inc. Common Stock,$5.03,0.01,0.199%,370638714.00,United States,,120015,Health Care,Biotechnology: Electromedical & Electrotherapeutic Apparatus
SVM,Silvercorp Metals Inc. Common Shares,$6.28,-0.04,-0.633%,1100265194.00,,,1553465,Basic Industries,Precious Metals
SVT,Servotronics Inc. Common Stock,$8.7004,-0.0996,-1.132%,21650310.00,United States,,14296,Capital Goods,Industrial Machinery/Components
SYN,Synthetic Biologics Inc. Common Stock,$0.88,0.0655,8.042%,47229365.00,United States,,23381459,Health Care,Major Pharmaceuticals
TGB,Taseko Mines Ltd. Common Stock,$1.35,0.06,4.651%,376925921.00,Canada,,1996400,Basic Industries,Precious Metals
TGC,Tengasco Inc. Common Stock,$2.33,-0.08,-3.32%,24896148.00,United States,,926473,Energy,Oil & Gas Production
THM,International Tower Hill Mines Ltd. Ordinary Shares (Canada),$1.36,0.04,3.03%,265075130.00,Canada,,372600,Basic Industries,Precious Metals
TKAT,Takung Art Co. Ltd. Common Stock,$3.23,1.13,53.81%,36406554.00,,,2694689,Consumer Services,Other Specialty Stores
TMBR,Timber Pharmaceuticals Inc. Common Stock,$1.36,0.02,1.493%,16114682.00,United States,2015,5368852,Health Care,Major Pharmaceuticals
TMP,Tompkins Financial Corporation Common Stock,$72.98,0.45,0.62%,1082989629.00,United States,,34483,Finance,Major Banks
TMQ,Trilogy Metals Inc. Common Stock,$2.10,0.06,2.941%,300308774.00,Canada,,149231,Basic Industries,Precious Metals
TPHS,Trinity Place Holdings Inc. Common Stock,$2.12,0.12,6.00%,68204867.00,,,166540,Consumer Services,Building operators
TRT,Trio-Tech International Common Stock,$4.96,0.16,3.333%,18404353.00,United States,,28573,Technology,Industrial Machinery/Components
TRX,Tanzanian Gold Corporation Common Stock,$0.736,-0.0019,-0.257%,153950047.00,Canada,,2555615,Basic Industries,Precious Metals
TRXC,TransEnterix Inc. Common Stock,$3.56,0.37,11.599%,626548024.00,United States,,19985293,Health Care,Medical/Dental Instruments
UAMY,United States Antimony Corporation Common Stock,$0.7539,-0.0062,-0.816%,57142464.00,United States,,7911955,Capital Goods,Metal Fabrications
UAVS,AgEagle Aerial Systems Inc. Common Stock,$11.47,-0.94,-7.575%,672559107.00,United States,,4735873,Capital Goods,Aerospace
UEC,Uranium Energy Corp. Common Stock,$1.82,0.08,4.598%,362287211.00,Canada,,3876403,Basic Industries,Precious Metals
UFAB,Unique Fabricating Inc. Common Stock,$7.0002,-0.1998,-2.775%,68455985.00,United States,2015,20154,Capital Goods,Auto Parts:O.E.M.
URG,Ur Energy Inc Common Shares (Canada),$0.929,0.03,3.337%,157621267.00,Canada,,3654867,Basic Industries,Precious Metals
USAS,Americas Gold and Silver Corporation Common Shares no par value,$2.67,0.06,2.299%,342690642.00,,2017,1298697,Basic Industries,Precious Metals
UTG,Reaves Utility Income Fund Common Shares of Beneficial Interest,$32.76,-0.12,-0.365%,1766955023.00,United States,2004,219911,,
UUU,Universal Security Instruments Inc. Common Stock,$8.53,-0.33,-3.725%,19728926.00,United States,,589323,Technology,Electronic Components
UUUU,Energy Fuels Inc Ordinary Shares (Canada),$4.87,0.68,16.229%,653994647.00,,,9951914,Basic Industries,Mining & Quarrying of Nonmetallic Minerals (No Fuels)
VCF,Delaware Investments Colorado Municipal Income Fund Inc  Common Stock,$14.39,-0.27,-1.842%,69605869.00,United States,1993,8088,,
VFL,Delaware Investments National Municipal Income Fund Common Stock,$13.45,0.0634,0.474%,60907558.00,United States,1993,11426,,
VGZ,Vista Gold Corp Common Stock,$0.99,0.02,2.062%,101657857.00,United States,,884614,Basic Industries,Precious Metals
VHAQ,Viveon Health Acquisition Corp. Common Stock,$10.15,-0.05,-0.49%,0.00,,2021,650205,,
VKI,Invesco Advantage Municipal Income Trust II Common Shares of Beneficial Interest (DE),$11.615,0.115,1.00%,515607865.00,United States,,92830,,
VMM,Delaware Investments Minnesota Municipal Income Fund II Inc. Common Stock,$13.35,0.07,0.527%,153591416.00,United States,1993,3523,,
VNRX,VolitionRX Limited Common Stock,$5.40,-0.03,-0.552%,260267510.00,Singapore,2015,411536,Health Care,Biotechnology: In Vitro & In Vivo Diagnostic Substances
VOLT,Volt Information Sciences Inc. Common Stock,$2.87,0.04,1.413%,62383970.00,United States,,131380,Technology,Professional Services
WRN,Western Copper and Gold Corporation Common Stock,$1.22,0.02,1.667%,165429115.00,Canada,2011,267227,Basic Industries,Precious Metals
WTT,Wireless Telecom Group  Inc. Common Stock,$2.08,0.01,0.483%,45125621.00,United States,,117341,Capital Goods,Telecommunications Equipment
WYY,WidePoint Corporation Common Stock,$13.10,-0.13,-0.983%,110809415.00,United States,,185767,Technology,EDP Services
XPL,Solitario Zinc Corp. Common Stock,$0.7415,0.0185,2.559%,43087353.00,United States,,1420349,Basic Industries,Precious Metals
XTNT,Xtant Medical Holdings Inc. Common Stock,$1.72,-0.05,-2.825%,132200978.00,United States,,335921,Health Care,Biotechnology: Biological Products (No Diagnostic Substances)
XXII,22nd Century Group Inc. Common Stock,$3.01,-0.04,-1.311%,417966171.00,United States,,3002640,Consumer Non-Durables,Farming/Seeds/Milling
YCBD,cbdMD Inc. Common Stock,$4.88,-0.25,-4.873%,254398646.00,United States,2017,1437161,Consumer Non-Durables,Package Goods/Cosmetics
YCBD^A,cbdMD Inc. 8.0% Series A Cumulative Convertible Preferred Stock,$9.10,-0.34,-3.602%,,United States,,7662,,
ZDGE,Zedge Inc. Class B Common Stock ,$8.94,-0.06,-0.667%,111962656.00,,2016,128702,Technology,Computer Software: Prepackaged Software
ZOM,Zomedica Corp. Common Shares,$1.91,0.41,27.333%,1584421494.00,United States,2017,435524751,Health Care,Major Pharmaceuticals
